Model,Accuracy %,F1-Macro %,CV F1 %,Time(s),Device
Logistic Regression,58.12500000000001,66.29569038158476,67.39473259063021,1.04,💻 CPU
Decision Tree,63.425,65.25223020997728,76.14787809118991,0.36,💻 CPU
LightGBM (GPU),65.675,63.96342209770785,79.09348905187245,19.92,🔥 GPU
XGBoost (GPU),66.35,63.50442826404175,79.44132695040967,23.1,🔥 GPU
Random Forest,67.975,62.152256713501075,62.152256713501075,4.31,💻 CPU
Gradient Boosting,67.225,62.112988783363,62.112988783363,209.12,💻 CPU
KNN,45.775,47.84661301657666,47.84661301657666,0.16,💻 CPU
